SMALL LoOP,ME1 OP2,SMALL HiOP,BIG LoOP,ME2 OP2,BIG HiOP
-0.008182,-0.004613,-0.004156,-0.008456,0.003816,0.001095
0.048506999999999995,0.042202,0.052868000000000005,0.055121,0.049791,0.057862
-0.010166,-0.014323999999999998,-0.026991,-0.017189,-0.008015,-0.014499999999999999
0.013664,0.015104,0.016166,0.008173,0.014846,0.061639
-0.012568999999999999,-0.011001,-0.023721000000000003,-0.014554000000000001,0.002942,-0.013506
-0.001394,0.003376,0.003331,0.024624,0.024510999999999998,0.020475
0.028721999999999998,0.031158,0.027524000000000003,0.021901,0.028791,0.026457
0.027937,0.013474,0.026848,0.021381999999999998,0.013266,0.021432000000000003
0.051411,0.031391,0.021695000000000002,0.032714,0.011000000000000001,0.018208
-0.012537,-0.009883999999999999,-0.012667999999999999,0.022184,0.009878,-0.0031680000000000002
0.018994999999999998,0.005001,0.013641,0.018293999999999998,0.011603,0.020391
0.01351,0.022435,0.021006999999999998,0.018066,0.025308999999999998,0.004975
0.028436,0.028022000000000002,0.022357000000000002,0.017431000000000002,0.015851,0.025038
-0.007235,-0.007455000000000001,-0.003781,-0.011383,-0.010721000000000001,-0.012473000000000001
0.031163,0.026632,0.031459,0.04503599999999999,0.022048,0.033538
0.014289000000000001,0.021636000000000002,0.025089999999999998,0.019668,0.012124999999999999,0.00025100000000000003
-0.006344,0.00036700000000000003,0.008118,0.0061470000000000006,0.003978,0.004262
-0.006051999999999999,-0.007084,-0.002565,-0.007559,0.004462,0.010358000000000001
0.062116,0.059728,0.069182,0.042042,0.018340000000000002,0.053104
0.036435,0.041618,0.039937,0.008151,0.000299,0.009335
0.011224000000000001,0.010752999999999999,0.0071530000000000005,-0.010351999999999998,-0.013595,-0.012688
0.047781000000000004,0.043503,0.04005499999999999,0.030339,0.026775000000000004,0.044035000000000005
-0.0032400000000000003,0.002317,0.0026690000000000004,0.006995,0.001127,-0.007865
-0.09574500000000001,-0.08973,-0.095604,-0.057138,-0.038223,-0.052865
0.028191,0.039298,0.020735999999999997,0.03649,0.007899,0.01652
0.049562999999999996,0.046629,0.061952,0.017118,0.019514,0.042691999999999994
0.049089999999999995,0.043859,0.031507,0.039653,0.024799,0.039485
0.068061,0.057328000000000004,0.068631,0.02265,0.011278999999999999,0.045402
0.065577,0.040808,0.046394000000000005,0.0066549999999999995,-0.010275000000000001,0.005709
0.050538999999999994,0.034544,0.039607,0.0173,0.011129,0.005371
0.076528,0.053797,0.040856,0.032251,-0.009781999999999999,0.011506
0.048632,0.021991999999999998,0.029811,-0.019921,-0.019284,-0.004522
-0.024864999999999998,-0.015146999999999999,-0.02188,-0.032641,-0.026194000000000002,-0.009538
0.057784,0.045208000000000005,0.061361,0.01837,0.021722,0.022666
-0.114132,-0.093222,-0.09432399999999999,-0.060374,-0.042175000000000004,-0.047387
-0.002114,0.010944,0.004475,-0.012855,-0.007882,-0.016364
-0.017679,-0.009651999999999999,-0.021101,-0.009265,-0.012022,-0.013023
-0.107403,-0.098296,-0.10322100000000001,-0.074928,-0.061374000000000005,-0.080817
-0.017476000000000002,-0.016499,-0.015300000000000001,0.019621,-0.003337,-0.016117
-0.008492,-0.003405,-0.025596,0.074199,0.06626699999999999,0.021768
0.029833,0.031783,0.075415,0.008865,-0.013602000000000001,0.045951000000000006
0.015161,0.022689,0.030036999999999998,-0.00046699999999999997,0.008509,-0.0013189999999999999
0.17491,0.148565,0.18924600000000003,0.079573,0.0659,0.08437900000000001
0.033873,0.026646,0.042685,-0.007067,-0.001925,0.023858999999999998
0.059219,0.066169,0.06418700000000001,0.036936,0.037574,0.049139999999999996
0.040644,0.039483000000000004,0.053229,0.030950000000000002,0.024864999999999998,0.065019
-0.010195000000000001,-0.013376999999999998,-0.021952,-0.030362,-0.040087000000000005,-0.05328
0.09601599999999999,0.074997,0.088093,0.022739,0.016886,0.018288
0.092371,0.076297,0.077058,0.026513,0.050613,0.051456
-0.005607,0.004503,0.003634,-0.005508,-0.007947,-0.008824
0.06221,0.047026000000000005,0.059459,0.037261,0.01758,0.044052
-0.021006,-0.021947,-0.028617,-0.034843,-0.040345000000000006,-0.007108
-0.00507,0.002073,0.01646,0.000135,0.013017,0.005452
0.10174200000000001,0.067453,0.08657,0.023621,0.034285,0.022503000000000002
0.029461,-0.001534,-0.00406,-0.009376,-0.031466,-0.068213
-0.059882,-0.049371,-0.06332,-0.029683,-0.027371,-0.029394
-0.002643,-0.019391000000000002,-0.009386,-0.002585,-0.007442,0.025144000000000003
0.16002400000000003,0.11691499999999999,0.168045,0.062875,0.073012,0.10872299999999999
0.094858,0.082333,0.08931900000000001,0.011145,0.008323,0.025365000000000002
0.0049180000000000005,0.012984,0.006520000000000001,0.024992,0.022526,-0.00486
-0.023978000000000003,-0.030486,-0.047351000000000004,-0.003609,-0.002654,-0.042915999999999996
0.042007,0.030671,0.042367999999999996,0.025001000000000002,0.013536999999999999,0.010637
0.083347,0.057266000000000004,0.075312,0.063022,0.037134,0.031258
0.0032979999999999997,0.011498999999999999,0.007465,0.022930000000000002,0.018396,-0.007571
0.07732,0.077652,0.078609,0.05143,0.054759,0.058829
0.015561,-0.013269999999999999,-0.007596,-0.033159999999999995,-0.037291,-0.04729
-0.0075970000000000005,-0.008084000000000001,-0.022233,-0.003487,0.002002,-0.019833
-0.10681800000000001,-0.076642,-0.084765,-0.05837,-0.046556,-0.039048
0.03826,0.023558,0.025674000000000002,0.048639999999999996,0.027347999999999997,0.032725
0.018784000000000002,0.010912,0.005868,0.007705,0.022675999999999998,0.028725
0.00504,0.005749,-0.005857,0.005967,0.008137,-0.002114
-0.126853,-0.10950100000000001,-0.107659,-0.096908,-0.064038,-0.029625
-0.10321799999999999,-0.08673700000000001,-0.101704,-0.079078,-0.059810999999999996,-0.051023
0.052129,0.046643,0.07496,0.054928,0.043247,0.054789000000000004
-0.021793,-0.018347,-0.002506,-0.055601000000000005,-0.030024000000000002,-0.007178
0.09954800000000001,0.08743600000000001,0.094069,0.051483,0.046797000000000005,0.057866
-0.055487,-0.056368999999999995,-0.05041,-0.047477,-0.028925,-0.02343
-0.071503,-0.055123,-0.031498,-0.016814,-0.021315,-0.0059830000000000005
-0.025086,-0.054018,-0.06471,-0.08552799999999999,-0.071624,-0.080231
0.030771000000000003,0.039155,0.031004,0.08803100000000001,0.069487,0.041988000000000004
-0.027481,-0.014790000000000001,-0.040219,-0.0019320000000000001,0.008666,-0.009172
-0.17038599999999998,-0.145664,-0.175565,-0.09038700000000001,-0.093362,-0.09797499999999999
-0.108505,-0.096092,-0.100646,-0.041504000000000006,-0.046846,-0.073474
-0.081854,-0.069265,-0.06812,-0.039914,-0.050776,-0.051124
0.054608,0.069849,0.08409599999999999,0.085383,0.09440699999999999,0.050788
0.063246,0.064707,0.06994600000000001,0.048096,0.045487,0.052648
0.14066900000000002,0.113691,0.132037,0.039374,0.021179,0.05405
-0.07811799999999999,-0.051416,-0.053542,-0.017997,-0.014919,-0.008336
-0.003179,0.02059,0.024516,0.050099,0.057448,0.053724999999999995
0.081457,0.090719,0.091304,0.060963,0.062321,0.056466
0.138562,0.118428,0.104257,0.045270000000000005,0.045339,0.039683
0.038686,0.030825,0.047754000000000005,0.016906,0.008842,0.020164
0.055839,0.058491999999999995,0.077519,0.036728000000000004,0.033693,0.051365
0.045493,0.032415,0.026503000000000002,0.046944,0.028388,0.036526
-0.053074,-0.049441,-0.040083,-0.050061,-0.030574,-0.035113
-0.024274,-0.014862,0.005337,-0.001343,0.010754999999999999,-0.00037600000000000003
-0.065324,-0.049431,-0.055362,-0.044751000000000006,-0.037243,-0.041925
0.050711000000000006,0.043453,0.047611,0.053349,0.03376,0.047874
-0.023136,0.00207,0.009026,-0.016024,-0.008066,0.0029549999999999997
-0.073127,-0.039897,-0.05486,-0.046252,-0.040787000000000004,-0.032143000000000005
-0.040037,-0.026088,-0.024038,-0.019408,-0.001147,0.013312
0.12449500000000001,0.116676,0.12571300000000002,0.10240500000000001,0.08002700000000001,0.09314399999999999
0.118256,0.067295,0.075767,0.02659,0.004858,0.035333
0.038002,0.030306000000000003,0.041338,0.017203,0.021377,0.046097
0.0022,-0.001719,0.010161,-0.00747,0.005959,0.017225
0.006242999999999999,0.009598,0.006138,0.016778,-0.00136,0.008475
-0.028315999999999997,-0.013523,-0.014336,0.002266,0.008987,0.035084
-0.032275,-0.03318,-0.029899,-0.041301,-0.027984,-0.005986
-0.029123999999999997,-0.028668999999999997,-0.048963,-0.031763,-0.007784999999999999,0.010785
0.011698,0.015312,0.006006,0.058291,0.049142,0.024779
-0.042733999999999994,-0.028144,-0.024089,-0.019025,-0.002404,-0.00409
-0.018183,-0.006745,-0.018399000000000002,0.009590999999999999,0.019622,0.006737999999999999
0.053259999999999995,0.051648,0.057328000000000004,0.076144,0.063763,0.033105
-0.023297,-0.008852,-0.012562,-0.017675,0.007853,0.023683999999999997
-0.047363999999999996,-0.052969,-0.057293000000000004,-0.033401,-0.030551,-0.015117
-0.073257,-0.074087,-0.099716,-0.05106,-0.048706,-0.02973
-0.018272,-0.027465000000000003,-0.032605,0.0027329999999999998,-0.004612,-0.004301
-0.05945,-0.058009000000000005,-0.087439,-0.049124999999999995,-0.027456,-0.052646
-0.089746,-0.07571,-0.08381,-0.043103999999999996,-0.014081999999999999,-0.010062
-0.028448,-0.030055000000000002,-0.048642000000000005,-0.017391,-0.015071000000000001,-0.001328
0.133993,0.094932,0.158246,0.072181,0.046574,0.046841999999999995
-0.038915000000000005,-0.04471,-0.047677,-0.016515,-0.028942000000000002,-0.033893
0.094974,0.095618,0.10202,0.077804,0.079988,0.024155000000000003
0.013403,0.0014910000000000001,-0.026704,-9.3e-05,-0.006438,0.002101
-0.17609100000000003,-0.17967,-0.219206,-0.104207,-0.125221,-0.113628
-0.014883,-0.022363,-0.023018,0.043754999999999995,0.038384,-0.0036880000000000003
0.122197,0.09860799999999999,0.088367,0.011794,0.0012970000000000002,-0.015704
0.014597,0.002406,0.003115,0.012641,0.016595,-0.013259
-0.00394,-0.002791,0.004404,-0.059201,-0.026816,-0.011532
-0.063835,-0.048868,-0.04828299999999999,-0.07331599999999999,-0.048519,-0.031386
-0.08183199999999999,-0.074072,-0.063156,-0.096598,-0.035042,-0.016285
-0.025034999999999998,-0.018014,-0.027235,-0.029723000000000003,-0.022165,-0.016134
-0.038554,-0.039344000000000004,-0.058909,-0.044511,-0.07101600000000001,-0.089255
-0.079805,-0.08167999999999999,-0.08431699999999999,-0.08837999999999999,-0.082544,-0.08949199999999999
-0.07890799999999999,-0.075582,-0.104518,-0.07930100000000001,-0.084792,-0.142508
0.100138,0.087563,0.10264799999999999,0.17744,0.182104,0.17082799999999998
-0.038079,-0.0479,-0.058978,-0.00379,-0.035045,-0.050196
-0.065067,-0.058261,-0.075224,-0.032357,-0.004151,-0.035859
0.275875,0.260254,0.277177,0.14897,0.12076,0.132154
0.064347,0.036738,0.037919999999999995,0.040237999999999996,0.035541,0.089931
0.061769,0.064621,0.09907,0.035607,0.031437,0.023426999999999996
0.036369,0.04188,0.049139,0.043343,0.03667,0.05881
0.08976200000000001,0.07143,0.075863,0.056914,0.058196000000000005,0.051196
0.081736,0.067373,0.064902,0.07386,0.059554,0.037468
-0.033708,-0.018765,-0.025283000000000003,-0.070631,-0.058854,-0.069884
-0.05787,-0.042049,-0.050796,-0.030098,-0.023193000000000002,-0.015036
-0.04043,-0.032104,-0.037006000000000004,-0.042712,-0.035844999999999995,-0.035494
0.019794,0.019884,0.029557000000000003,0.072495,0.074242,0.052865999999999996
0.015215000000000001,0.029553,0.02415,0.048490000000000005,0.031974,0.026001
-0.006876999999999999,-0.008273,-0.010067999999999999,-0.015224999999999999,-0.007053,-0.013912
0.22087299999999999,0.17677800000000002,0.18188400000000002,0.11660500000000001,0.122535,0.119854
0.107835,0.074449,0.08316000000000001,0.0165,-0.000364,-0.011568
0.020231,0.010407,0.015705,0.03765,0.019604,0.035512
-0.015635,-0.005057000000000001,-0.013937,-0.023914,0.001066,-0.017673
-0.031768,-0.019254,-0.015366999999999999,-0.027692,-0.017401,0.005175
0.044640000000000006,0.035424000000000004,0.036231,0.053507,0.041388,0.048269
0.000707,0.012433000000000001,-0.007869000000000001,0.002994,-0.007718,-0.00936
-0.028976000000000002,-0.009303,-0.025266,0.008482,0.0021349999999999997,-0.003528
0.020198999999999998,0.026265,0.033062999999999995,0.020443,0.025729000000000002,0.027176999999999996
-0.02544,-0.014316,-0.022757999999999997,-0.019737,-0.013347,-0.026248999999999998
0.040222,0.029756,0.036548,0.021359,0.007587,-0.0031
0.10499399999999999,0.09439199999999999,0.095107,0.057238,0.056509000000000004,0.054948
0.024891,0.024929999999999997,0.016483,-0.047914000000000005,-0.036801,-0.049702
-0.006563,-0.00633,-0.008874,-0.017697,-0.015801,-0.018591
0.000582,0.003676,0.006029,-0.0024879999999999998,-0.014289000000000001,-0.013977999999999999
0.017068,0.018394999999999998,0.012485999999999999,0.028235,0.005717,-0.00746
-0.0022370000000000003,0.003142,0.000946,-0.018776,-0.005976,-0.015432999999999999
0.072489,0.057553,0.073922,0.040704000000000004,0.042519,0.057470999999999994
-0.004877,0.005381,0.00387,-0.020509,-0.012413,-0.014686999999999999
-0.014087,-0.004524,-0.001168,-0.018701000000000002,-0.014291,-0.011966000000000001
0.0032240000000000003,0.009399999999999999,0.020255000000000002,-0.012294000000000001,0.0053029999999999996,-0.0006450000000000001
-0.030861,-0.013244,-0.031821,-0.036048,-0.045856,-0.039054000000000005
0.074672,0.076857,0.084559,0.046686,0.045759,0.034183
0.018918,0.017518,0.025886,-0.003332,0.004993,0.008128
-0.01764,-0.025480999999999997,-0.042234999999999995,-0.053784,-0.056011,-0.06360400000000001
0.01934,0.019320999999999998,0.027886,-0.017661,-0.005565,-0.020255000000000002
0.07093200000000001,0.06421199999999999,0.069387,0.031663000000000004,0.037505000000000004,0.021333
0.071172,0.075019,0.095883,0.069988,0.075607,0.101408
0.067735,0.051502,0.073408,0.017707999999999998,0.015365,0.016439
0.013129,0.000742,-0.0057150000000000005,-0.010953,-0.00835,-0.020083000000000004
0.049418,0.051224,0.073548,0.052535,0.0559,0.05946799999999999
0.08994999999999999,0.075046,0.093109,0.02129,0.034738000000000005,0.046706000000000004
-0.008456,-0.0047799999999999995,-0.018893,-0.00524,-0.009164,-0.008204
-0.20828600000000003,-0.180691,-0.219357,-0.107968,-0.096879,-0.09449500000000001
0.048052000000000004,0.053817000000000004,0.07748300000000001,0.035348000000000004,0.031154,0.028569
0.022227,0.021112000000000002,0.027364000000000003,-0.005579,0.009633000000000001,0.029476
0.098215,0.075812,0.086706,0.073513,0.043116,0.035686
-0.015655,-0.020721,-0.038436,-0.031993,-0.028488000000000003,-0.031632
0.09560700000000001,0.08538899999999999,0.10523300000000001,0.06314199999999999,0.053453,0.064157
0.031755,0.023317,0.024636,-0.017245999999999997,0.0051270000000000005,0.011453999999999999
-0.00128,-0.017144,-0.019864,-0.006091,-0.01607,-0.018228
0.063237,0.059814,0.050592,0.059888000000000004,0.042918000000000005,0.039425
0.022269,0.035507,0.031157,0.021788,0.017624,0.007093
0.077268,0.072627,0.091526,0.044635,0.065676,0.062755
-0.00493,-0.004684,-0.00082,-0.010338,-0.00185,0.005723000000000001
-0.10405900000000001,-0.10149599999999999,-0.101707,-0.078989,-0.067042,-0.061148999999999995
0.089671,0.069144,0.098612,0.063585,0.056491,0.055896
0.078525,0.056437,0.065066,0.020385,0.021587000000000002,0.019932000000000002
0.10908,0.069163,0.071767,0.061047000000000004,0.053766999999999995,0.064366
-0.004835,-0.026796,-0.018784000000000002,-0.008753,-0.010898000000000001,0.005938
-0.19719,-0.161861,-0.17754999999999999,-0.11731,-0.09273899999999999,-0.107692
0.06989899999999999,0.060213,0.056736,0.067785,0.050053,0.038978
0.073836,0.079674,0.085422,0.059282,0.058242,0.054560000000000004
0.045266,0.044959,0.047492,0.039563,0.025356,0.034387
0.08896000000000001,0.091625,0.131301,0.041272,0.063207,0.080108
0.049567,0.058473,0.07308500000000001,-0.00047,0.024731,0.017266999999999998
0.029987,0.024575,0.051281,0.017301,0.029189,0.034133
0.043572,0.036361,0.043205,-0.001426,0.012186999999999998,0.032029999999999996
0.076597,0.06097,0.089193,0.04934,0.12190799999999999,0.126692
-0.045883,-0.01655,-0.0377,-0.007516,-0.026227999999999998,-0.041426
-0.00889,0.00073,-0.020746,-0.004769,-0.042834000000000004,-0.063207
0.008123,0.016367,0.009721,0.010501,0.030289,0.013117
0.070945,0.071851,0.088106,0.08484,0.04054700000000001,0.022889
0.018236000000000002,0.025785,0.048184,-0.01146,-0.010631,-0.024851
0.028029000000000002,0.028997000000000002,0.047682,0.018035000000000002,0.005516,0.0044069999999999995
-0.017742,-0.005225,-0.032578,0.006421,-0.012095,-0.006134
-0.018542,-0.020280999999999997,-0.030966,-0.020074,-0.007128,0.017519
-0.081051,-0.060156,-0.087093,-0.05977299999999999,-0.050542,-0.060179
-0.098979,-0.066984,-0.07755,-0.046483,-0.044673,-0.066229
0.075807,0.070687,0.098664,0.029500000000000002,0.058339,0.06954500000000001
0.011406000000000001,0.042695,0.030992000000000002,0.061362,0.040568,0.043469
-0.02343,-0.015123,-0.015666,-0.031549999999999995,-0.022189999999999998,-0.034949
-0.0285,-0.027719999999999998,-0.043586,-0.008329999999999999,-0.024788,-0.023052000000000003
-0.03682,-0.034901,-0.056629,-0.01202,-0.050538,-0.061780999999999996
-0.008977,-0.000259,-0.013849,0.007983,-0.005755,-0.014790000000000001
0.046932,0.052803,0.066524,0.039508,0.036128999999999994,0.051217
-0.026890999999999998,-0.021339999999999998,-0.026621000000000002,-0.037782,-0.032757,-0.020696
-0.030546000000000004,-0.020884999999999997,-0.024248,-0.011171,-0.023090000000000003,-0.017351000000000002
-0.021973,-0.014976,-0.007533,-0.026720999999999998,-0.021668,-0.020417
0.078047,0.082242,0.086603,0.152951,0.1277,0.106516
0.024769,0.046098,0.045875000000000006,0.006562,0.008599,0.028302
0.140348,0.125136,0.153157,0.121931,0.11266400000000001,0.114887
0.103736,0.082812,0.093166,0.056737,0.042386999999999994,0.047931999999999995
0.012842,0.007895,0.012557,0.018916,0.003307,0.018999
0.091335,0.07123499999999999,0.061834,0.028129,0.045523999999999995,0.026643
0.052869,0.054874,0.060198999999999996,0.046529,0.022709999999999998,0.028807
0.043231,0.049905,0.043744,0.039379,0.029639000000000002,0.035536
0.082392,0.07046999999999999,0.08185,0.07431199999999999,0.070615,0.072721
0.08671,0.055719000000000005,0.057539999999999994,0.011354999999999999,-0.009127,0.0037180000000000004
0.043705999999999995,0.044083,0.049943,0.005206,0.036246,0.050885999999999994
-0.040839,-0.014575,-0.025279,-0.02266,-0.032477,-0.041023
-0.042468000000000006,-0.024279000000000002,-0.031172,0.004304,0.020318,0.003242
-0.00752,0.035311,0.020266000000000003,0.020289,0.015724000000000002,0.017343
-0.066681,-0.043838999999999996,-0.069076,-0.009733,-0.018467,-0.022715
0.038154,0.048991,0.047333,0.043559,0.021812,0.021044
-0.019639,-0.013274,-0.015694,-0.024916999999999998,-0.013366,0.003872
-0.002175,-0.014828,-0.021932,-0.027153,0.008272,-0.025249999999999998
-0.057551,-0.048281,-0.057518,-0.05453,-0.031023000000000002,-0.036615
0.009556,0.009809,0.01068,0.032806,0.006131,0.012474
-0.021641,-0.001344,0.003961,-0.032258,0.01974,0.008853
-0.06307800000000001,-0.045141,-0.049198000000000006,-0.07441,-0.049431,-0.041137
0.012839,0.028168000000000002,0.042114000000000006,-0.00035999999999999997,0.036952,0.033705
-0.067793,-0.035373999999999996,-0.026247,-0.035805,-0.019471000000000002,-0.006404
0.115383,0.114654,0.11923600000000001,0.12878299999999998,0.109929,0.11127100000000001
-0.017798,0.0013830000000000001,-0.000431,-0.007076,-0.0022400000000000002,0.002988
-0.025046,-0.010364,-0.001935,0.008334000000000001,-0.003246,0.008778000000000001
-0.04215,-0.016135,-0.010919000000000002,0.000745,-0.005474,-0.016021
0.004642,0.023295,0.027509000000000002,0.025004,0.022976,0.028372
0.134612,0.112074,0.120017,0.087605,0.074483,0.084418
0.027360000000000002,0.023933,0.031594000000000004,0.000881,0.016319,0.022408
-0.035560999999999995,-0.008110000000000001,-0.010891999999999999,-0.003612,0.004288,-0.0036209999999999997
-0.020335000000000002,-0.01012,0.00962,-0.0069169999999999995,0.000638,-0.005783
0.023445999999999998,0.038999,0.051254,0.06170899999999999,0.062230999999999995,0.060515
-0.006913,0.021825999999999998,0.038174,0.020950000000000003,0.020841,0.011040000000000001
0.028294,0.019027000000000002,0.024773,-0.0021260000000000003,-0.006854,-0.006972000000000001
-0.010169999999999998,-0.005963,-0.009407,-0.00334,-0.0026379999999999997,-0.006017
-0.066734,-0.046907,-0.056222,-0.045086,-0.035352999999999996,-0.032789
0.021438000000000002,0.037989999999999996,0.040647,0.05192,0.045880000000000004,0.050605000000000004
0.068408,0.068338,0.07983900000000001,0.072213,0.074423,0.067419
0.036195,0.044500000000000005,0.046508,0.039915,0.046659,0.049433
0.022729,0.011328,0.028864,0.044827000000000006,0.004416,-0.001339
0.055746000000000004,0.069585,0.086183,0.08604300000000001,0.07635,0.076846
0.038924,0.055397,0.04606,0.048452,0.049941000000000006,0.06544900000000001
0.010294000000000001,0.017612000000000003,0.022061,-0.048734,-0.006565,-0.002277
0.02543,0.0444,0.050952000000000004,0.044329,0.049645,0.061421
-0.009115999999999999,0.009857,0.012771,0.0038129999999999995,0.023112,0.017946
-0.10443899999999999,-0.078373,-0.092056,-0.044065,-0.041917,-0.067249
0.030552000000000003,0.042394999999999995,0.020453000000000002,0.088071,0.072803,0.064972
-0.06107,-0.057251,-0.068695,-0.087709,-0.087282,-0.081688
0.030147,0.030754,0.041002000000000004,0.059254,0.063852,0.047379
-0.008396,0.004045,0.000504,0.008059,0.022671,0.020861
-0.037357999999999995,-0.024232,-0.024011,-0.030211000000000002,-0.026059000000000002,-0.027767
0.112765,0.117768,0.116101,0.134368,0.123171,0.134495
0.086405,0.064832,0.082653,0.056791999999999995,0.034573,0.045294999999999995
0.026201,0.030445000000000003,0.017769,0.000944,0.010955999999999999,0.036551
-0.016208,-0.038382,-0.030977,-0.014636,-0.021589999999999998,-0.009664
0.00046600000000000005,0.002524,-0.004318,-0.00728,0.010982,0.007776
0.011171,0.030106,0.030076000000000002,0.038168,0.047689,0.053204
0.031391,0.036642,0.029632000000000002,0.062718,0.031008,0.052361000000000005
0.017539,0.03381,0.044165,0.032823000000000005,0.040163000000000004,0.046935000000000004
-0.017273,-0.019906,-0.017624,-0.006816,-0.022756,-0.025882000000000002
-0.32041800000000004,-0.277835,-0.29726400000000003,-0.23616900000000002,-0.202954,-0.21847999999999998
-0.052627,-0.034095,-0.062652,-0.058082,-0.076181,-0.085733
0.054017,0.07315100000000001,0.09299400000000001,0.058339,0.07113699999999999,0.0785
0.04489,0.052461,0.025274,0.045210999999999994,0.049591,0.042095
0.06933500000000001,0.084832,0.088415,0.040361,0.044839000000000004,0.052415
0.041379,0.026593,0.046178,-0.021461,-0.025473,-0.031246
0.022765,0.019303999999999998,0.017568999999999998,0.000156,0.017769,0.0012859999999999998
-0.01662,-0.0148,-0.025512999999999997,0.011325,0.006755,0.005404
0.058121,0.076601,0.075878,0.042553,0.048052000000000004,0.054272
-0.008038,-0.012096,-0.011142,-0.001898,-0.005921999999999999,-0.010457000000000001
-0.032404999999999996,-0.02023,-0.029376000000000003,-0.010214,-0.029783,-0.029605000000000003
0.017196,0.034192,0.029592999999999998,0.032775,0.031054,0.055556999999999995
-0.014004,-0.0012790000000000002,-0.008652,0.004914,0.024745,0.025509
-0.031038,-0.024586,-0.034981,-0.014935,-0.013544,-0.016686
0.039915,0.035338,0.040774,0.009603,0.019303,0.022632
0.058921,0.042484,0.038193000000000005,0.070009,0.06484899999999999,0.071767
0.00851,0.012524,0.003045,-0.008156,-0.024618,-0.020099999999999996
0.030446,0.029685000000000003,0.026686,0.025737,0.012343999999999999,0.030408
0.039109,0.045073999999999996,0.052375,0.053998,0.048617999999999995,0.054995
0.038858000000000004,0.04047,0.047958999999999995,0.042767,0.039295,0.04337
-0.026806999999999997,-0.0103,-0.016543000000000002,-0.005063,0.00032599999999999996,-0.009918
0.035331,0.045338,0.042784,0.06286699999999999,0.080471,0.09508
0.022682,0.022130999999999998,0.036761,0.027694999999999997,0.018086,0.021345
-0.005259000000000001,0.007525,0.011772,-0.005178,-0.007685,0.005821
-0.05993299999999999,-0.053723,-0.052918,-0.02392,-0.020967,-0.028683999999999998
0.003416,0.010594,0.0051849999999999995,0.028188,0.024888,0.009301
-0.0033710000000000003,0.001094,0.000742,0.016452,0.03274,0.010899
-0.077719,-0.081288,-0.096623,-0.069354,-0.06833,-0.073779
0.028937,0.025705,0.030871,0.016453,0.015387999999999999,0.013839999999999998
0.029784,0.040753000000000004,0.046307,0.006825,0.020494,0.031080999999999998
-0.033345,-0.031609,-0.029383,-0.04807,-0.028953000000000003,-0.016523
0.063358,0.071802,0.078293,0.08559,0.08791299999999999,0.10213699999999999
0.016003,0.007803,-0.002234,0.002551,-0.014726,8.9e-05
-0.043182,-0.032715,-0.042020999999999996,-0.011788,0.001078,-0.016478
-0.136141,-0.11659800000000001,-0.14416299999999999,-0.095025,-0.08566900000000001,-0.09407
-0.09351599999999999,-0.078651,-0.10253899999999999,-0.068613,-0.036886,-0.058447
-0.079377,-0.045774999999999996,-0.051212,-0.028609,-0.00773,0.0027069999999999998
0.057674,0.075132,0.08475099999999999,0.08512600000000001,0.06187,0.071143
0.014863,0.039927000000000004,0.054626,0.023544,0.023538,0.038371
0.081517,0.085323,0.096383,0.047001999999999995,0.039147,0.057703
0.124667,0.09593299999999999,0.112829,0.07367499999999999,0.062404,0.08154299999999999
0.075768,0.061986,0.063259,0.034393,0.016141000000000003,0.036216
-0.001172,0.009836000000000001,0.010795999999999998,0.004208,-0.000954,0.0046429999999999996
0.03241,0.041816000000000006,0.049768,0.028163999999999998,0.033662,0.050876000000000005
-0.055896,-0.041938,-0.033004,-0.056403999999999996,-0.044515,-0.043482
0.032921,0.034803,0.04729,0.038472,0.039213,0.056186999999999994
0.046398999999999996,0.030343,0.041489000000000005,0.017183999999999998,0.012007,0.038896
0.012910999999999999,0.0032819999999999998,-0.0028539999999999998,-0.000565,-0.005574,-0.021185999999999997
0.043681,0.021389000000000002,0.020243999999999998,0.025844999999999996,0.012055,0.015299
-0.060869,-0.037155,-0.042694,-0.033731,-0.045448,-0.029671
0.075201,0.080972,0.10071899999999999,0.083581,0.103128,0.12914799999999999
0.097921,0.070705,0.081967,-0.004887,-0.014877,-0.015375000000000002
0.024253999999999998,0.021006,0.042568999999999996,0.022263,0.01732,0.005459
-0.039873,-0.019754,-0.038289,-0.020249000000000003,-0.019728000000000002,-0.022084000000000003
-0.057167,-0.019216999999999998,-0.027928,0.01121,0.0361,0.015795999999999998
0.015866,0.00768,-0.008815,0.002002,0.005174,0.0077610000000000005
-0.047726,-0.035937000000000004,-0.043658,-0.023156,0.000301,-0.028222999999999998
0.027854999999999998,0.034169,0.040132,0.029647999999999997,0.043615,0.043333
-0.05420899999999999,-0.022557999999999998,-0.015049,-0.049227,-0.019689,-0.014051000000000001
0.000655,0.024007999999999998,0.030754,0.012447,0.009113,0.015245
0.026517,0.029165999999999997,0.043884,0.011809,-0.004923,0.019174
0.08803000000000001,0.07156900000000001,0.08419700000000001,0.054639,0.023490999999999998,0.044785000000000005
0.026233,0.03772,0.036374,0.035164,0.010387,0.01534
0.026633,0.038321,0.034264,0.043049,0.010569,-0.001475
-0.035291,-0.018464,-0.026078999999999998,0.011647000000000001,0.029262,-0.0059299999999999995
0.015574,0.030959,0.035840000000000004,0.042799,0.024950999999999997,0.019554000000000002
-0.023639,-0.028766,-0.038174,0.011335,-0.013438,-0.046347
0.055471000000000006,0.041631,0.050872,0.031101999999999998,0.022445,0.033232
0.011163000000000001,0.00361,0.010597,0.020387,0.001623,0.0024709999999999997
0.002757,0.013057000000000001,0.006321,0.020943999999999997,0.009618,-0.020045999999999998
0.045403,0.040490000000000005,0.040480999999999996,0.05927399999999999,0.034929,0.033317
0.029303,0.023431,0.031404,-0.005358000000000001,-0.0015170000000000001,-0.002597
0.043705,0.015636,0.03309,-0.0016370000000000002,0.011715999999999999,0.020377999999999997
-0.035152,-0.022472,-0.028239999999999998,-0.038181,-0.018844,-0.00043599999999999997
0.014343,0.040305,0.040133999999999996,0.014790000000000001,0.023038,0.012204999999999999
0.042806,0.023860000000000003,0.023494,0.042035,0.031825,0.028159999999999998
-0.017341,0.008369999999999999,0.000363,-0.045067,-0.027543,-0.01999
-0.063074,-0.050286,-0.050782999999999995,-0.044991,-0.041137,-0.04354
-0.009117,0.007752,0.002079,0.003771,0.012277,0.014055
-0.016873,-0.014577,-0.015685,0.008376,0.0077410000000000005,0.01923
-0.047247000000000004,-0.029283999999999998,-0.027602,-0.030728,-0.024151,-0.026236000000000002
0.013694999999999999,0.015029999999999998,0.020674,0.046775000000000004,0.040224,0.026894
0.050912,0.053874000000000005,0.06264,0.039359000000000005,0.036578,0.046652
-0.001168,0.002354,0.006796,-0.025678999999999997,-0.022645,-0.023319
-0.007908,0.001606,0.00016299999999999998,0.020806,0.027553,0.017343
-0.041144,-0.031884,-0.037299,-0.037302,-0.039058999999999996,-0.032687
-0.001988,0.022968000000000002,0.015281,0.019307,0.017699,0.009512
-0.002858,-0.004866,0.002746,0.031041,0.019653,0.028933
0.030923,0.042846999999999996,0.035589,0.032969,0.044059,0.04015
0.028838,0.014740999999999999,0.019594,0.022627,0.025794,0.028419
0.025024,0.024019,0.016200000000000003,0.014561999999999999,0.02131,0.031549999999999995
0.019185,0.012715,0.018876999999999998,0.031525,0.036957,0.039671
0.066018,0.051393,0.053402000000000005,0.025857,0.019689,0.031846
0.055532000000000005,0.06194,0.071549,0.044908000000000003,0.042581,0.034799000000000004
0.036883,0.018954,0.026515,0.025527,-0.005639999999999999,0.011104000000000001
0.025935,0.015664,0.020663,0.025013999999999998,0.030067,0.050801
-0.059128,-0.044316,-0.041429,-0.016285,-0.017769,0.004269
0.039099,0.030944,0.038798,0.053799,0.04641,0.041778
0.038658,0.008977,0.010175,0.01427,0.012327999999999999,0.0154
0.013539,-0.00683,0.0042699999999999995,0.023326,0.023450000000000002,0.036105
0.032104,0.033487,0.041710000000000004,0.016115,0.023549,0.011402
0.017655,0.028276,0.038397,-0.000597,0.018757,0.006991000000000001
0.074866,0.053256,0.06417,0.011806,0.016927,0.019681999999999998
0.066082,0.045853000000000005,0.043247,0.006103,0.017313000000000002,0.031275
-0.062873,-0.028676,-0.021167,-0.021539000000000003,-0.006500000000000001,0.006898
-0.11152200000000001,-0.07245599999999999,-0.082285,-0.072321,-0.05121800000000001,-0.04248300000000001
0.055448000000000004,0.057487,0.061569000000000006,0.036345999999999996,0.033428,0.022814
0.034699,0.04194899999999999,0.035872,0.039897,0.047819,0.06407199999999999
-0.034601,-0.004873,-0.010962000000000001,0.013365,0.021828,0.017699
0.018546,0.044733999999999996,0.033437999999999996,0.057291,0.057239000000000005,0.08478899999999999
0.006999999999999999,0.024933,0.020617,-0.012929999999999999,-0.013141,-0.019092
0.045022,0.022639,0.041402999999999995,0.040598999999999996,0.045165,0.068024
-0.030286,-0.013018,-0.029394999999999998,-0.00604,0.0021479999999999997,0.006540000000000001
-0.067358,-0.033184,-0.045492,-0.040528,-0.031505,-0.052412
-0.026143,0.004671,-0.0075439999999999995,0.024293,0.032115,0.07081
0.118881,0.10589900000000001,0.12242499999999999,0.087187,0.061792,0.063189
0.049846,0.054604999999999994,0.057418,0.039504000000000004,0.042346,0.04314
0.051721,0.054710999999999996,0.053384,0.07720500000000001,0.087202,0.076919
0.036739,0.030212,0.037881,-0.032395,-0.034704,-0.055702999999999996
0.09007899999999999,0.077667,0.074863,0.068409,0.05566,0.051092000000000005
-0.050966,-0.028408000000000003,-0.042831,-0.043345,-0.030729000000000003,-0.031509
-0.02625,-0.002613,-0.011661999999999999,0.014195,0.027271,0.055876999999999996
-0.016066,0.020503999999999998,0.007471,0.024527999999999998,0.025405,0.015806
-0.00863,-0.013651,-0.002462,0.010104,-0.015693,0.021246
0.077898,0.071476,0.08159599999999999,0.079871,0.07799299999999999,0.070033
0.046807999999999995,0.04364899999999999,0.0484,0.061148,0.042300000000000004,0.054333
0.015708,0.016547,0.0025580000000000004,0.024446,0.023613,0.003841
-0.055596,-0.047441000000000004,-0.05566,-0.037369,-0.025366,-0.01538
0.003338,-0.00466,0.002883,0.050233,0.027329,0.045412
-0.07763300000000001,-0.072826,-0.06523799999999999,-0.029112,-0.023570999999999998,-0.006769
-0.229605,-0.18198699999999998,-0.198268,-0.18246700000000002,-0.141912,-0.146311
0.073015,0.047638,0.052282999999999996,0.08136900000000001,0.059980000000000006,0.064519
0.037413,0.03932,0.045765,0.070253,0.075079,0.080477
0.084578,0.055549999999999995,0.067895,0.067703,0.057359999999999994,0.0672
0.04960200000000001,0.033687999999999996,0.057777,0.091103,0.052495,0.067709
0.057618,-0.002096,0.003434,0.046031,0.018018,0.044748
-0.08861599999999999,-0.073715,-0.08032600000000001,-0.007614999999999999,-0.033002,-0.040464
0.013515,-0.011909000000000001,0.000767,0.09446199999999999,0.039855999999999996,0.025848
0.107227,0.08795299999999999,0.08632999999999999,0.056956,0.058972,0.027318
0.007963,0.020242,0.024430999999999998,-0.026992,-0.007883,-0.024860000000000004
0.071162,0.060594999999999996,0.053431,0.020967,0.044851,0.061315
-0.00981,-0.009198,-0.002553,-0.032992,-0.030872,-0.033012
-0.02031,-0.039975000000000004,-0.040755,-0.012487,-0.026103,0.00306
-0.0014269999999999999,-0.00908,-0.004723,-0.019485,-0.022433,-0.031104
0.011689,-0.014311,-0.011354,0.07639,0.070871,0.064598
0.112326,0.054063,0.049032,0.046794,0.022463,0.024556
0.177504,0.065042,0.09731999999999999,0.122195,0.076505,0.050309
0.040231,-0.019722,-0.063576,-0.031714,-0.04332,-0.053637
0.309955,0.10439,0.025408,0.06700400000000001,0.0064080000000000005,-0.021545
-0.134343,-0.010924,0.025785,0.032099,0.09087999999999999,0.10778700000000001
-0.145755,-0.038624,-0.024613,-0.070613,-0.01355,-0.038478
-0.08260400000000001,-0.039561,-0.037646,-0.059980000000000006,-0.020621999999999998,-0.022323
0.18976800000000002,0.075227,0.043861,0.058818,0.003227,0.038525000000000004
-0.06414500000000001,0.008301,0.028163999999999998,-0.051209,0.01123,-0.026951
0.075125,0.065124,0.061725,0.111825,0.078274,0.060785
-0.057007,-0.00908,-0.026078999999999998,-0.071813,-0.026353,-0.051579
-0.08706699999999999,-0.007664,-0.010057,-0.092053,-0.026823,0.023107000000000003
-0.158824,-0.035363000000000006,-0.038921000000000004,-0.206559,-0.072652,-0.065133
0.036436,0.079394,0.093079,0.027324,0.022645,0.004955
0.123712,0.046775000000000004,0.070969,0.067912,0.018586000000000002,0.026949999999999998
-0.10421799999999999,-0.008945,-0.012012,-0.146289,-0.119116,-0.056473
-0.056881,-0.016059,-0.026089,-0.10158899999999998,-0.055084999999999995,-0.065329
0.081956,0.054528999999999994,0.067853,0.11548,0.084722,0.06838899999999999
0.058692,0.040322,0.043396,-0.007684,0.010206,0.012534
0.033712,0.054112,0.053278,-0.030093,-0.017911999999999997,-0.017586
-0.092576,-0.01402,-0.010692,-0.064472,-0.015874,0.001987
-0.064568,-0.008719,-0.029283999999999998,-0.09408799999999999,-0.069409,-0.04835
-0.172318,-0.113803,-0.150781,-0.141261,-0.09092599999999999,-0.06292
0.093858,0.036405,0.07130399999999999,0.046529999999999995,0.035445000000000004,0.009469
0.10340999999999999,0.06439,0.067734,0.105528,0.08220100000000001,0.066627
0.07163,0.061082,0.070429,0.000914,0.02168,0.008962
-0.029719000000000002,0.011923,0.017063,-0.047203999999999996,-0.011829000000000001,-0.000228
-0.07993800000000001,0.006514,0.004471,-0.08010400000000001,-0.019160999999999997,-0.0032
0.093238,0.07966000000000001,0.088092,0.059606000000000006,0.049294000000000004,0.029186999999999998
-0.031009000000000002,0.045599999999999995,0.037654,-0.08196500000000001,-0.044624,-0.059342
-0.05663,-0.031767,-0.030168,-0.025569,-0.012552,-0.004777
-0.061015,-0.019668,-0.034892,-0.12684499999999999,-0.051372999999999995,-0.074389
-0.16540600000000003,-0.136464,-0.13503,-0.0978,-0.094017,-0.05234200000000001
-0.021970999999999997,0.014555,0.016541,0.010458,0.015541000000000001,-0.000771
-0.10584500000000001,-0.055371,-0.050122,-0.11226599999999999,-0.108213,-0.102339
0.068314,0.026532,0.016169,0.088064,0.099308,0.072434
0.156157,0.063313,0.046092,0.112431,0.060675,0.038192
-0.09498100000000001,-0.031139999999999998,-0.023618,-0.09058899999999999,-0.072854,-0.035981
-0.018066,-0.025737999999999997,-0.019013,-0.005694,-0.041234,-0.024179
-0.035578,-0.02817,-0.027061,-0.028825,-0.010117000000000001,-0.020499999999999997
0.008865,0.006481,0.026812999999999997,-0.004146,0.012252,0.015111000000000001
0.12398400000000001,0.085237,0.076429,0.11288000000000001,0.090462,0.06711400000000001
0.165117,0.076455,0.07965,0.10122400000000001,0.053259999999999995,0.046585
0.025869,0.025456,0.032955,0.010088999999999999,0.0137,0.013057000000000001
0.08202999999999999,0.057976,0.047694,0.045993000000000006,0.034905,-0.002569
0.065498,0.040094000000000005,0.035366,0.02421,0.035872,0.009414
-0.00468,-0.016321000000000002,-0.01184,-0.030976,-0.01087,-0.003543
0.09518800000000001,0.08144,0.09217800000000001,0.07030700000000001,0.068678,0.046333
0.035672999999999996,0.037469999999999996,0.043407,0.018623,0.004414,0.014681
0.016234,0.028690000000000004,0.030246,0.052368,0.038976000000000004,0.049500999999999996
0.077792,0.02005,0.025297999999999998,0.036406999999999995,0.011772,0.01569
-0.009216,0.018059000000000002,0.025550000000000003,0.004483,0.026744,0.012834000000000002
-0.004797,0.011876,0.025203000000000003,-0.016499,-0.011635,-0.015347
-0.060326000000000005,-0.026692,-0.023948999999999998,-0.032166,-0.025988,0.000819
0.011991,0.011468,0.004943,0.022103,0.016437,0.005556
0.030848,0.051226,0.054306,0.016792,0.014878,0.017383
-0.102081,-0.045515999999999994,-0.035414,-0.066823,-0.031793,-0.027067
-0.013922,-0.002973,-0.012658,-0.01564,0.004949,0.007651
0.049238,0.046607,0.050827,0.037509,0.0113,0.006209
0.017061,0.021356,0.020731000000000003,0.026463,0.014175,0.01237
0.08496000000000001,0.084792,0.09393599999999999,0.058880999999999996,0.041714,0.03835
0.044048,0.028475,0.031862,0.048088,0.027372999999999998,0.037021
-0.051611000000000004,-0.029748,-0.027315,-0.05030300000000001,-0.018507,-0.019722
0.012683,0.020510999999999998,0.022726000000000003,0.011566,0.016152,0.030166
-0.041002000000000004,-0.016099000000000002,-0.024943,-0.010875999999999999,-0.015075,-0.017638
-0.070698,-0.050526,-0.056292999999999996,-0.027122,-0.012921,-0.022107
0.062454,0.066621,0.069053,0.056195,0.034379,0.029599
0.036267999999999995,0.038601,0.04580599999999999,-0.003411,0.003655,0.006232
0.07514599999999999,0.063678,0.057101,0.043368000000000004,0.03732,0.037719
-0.00716,-0.018456999999999998,-0.028303,0.006612,-0.011796,-0.013329
0.008555,9.499999999999999e-05,0.010486,0.004679,0.010775999999999999,0.008178
-0.035045,-0.022227999999999998,-0.033546,-0.00248,-0.013603,-0.022639
0.047057,0.045528000000000006,0.050170000000000006,0.046979,0.04501,0.028647999999999996
0.001573,-0.010435000000000002,0.004889,-0.004793,0.00716,-0.003794
0.0967,0.07768,0.089446,0.032888,0.025284,0.02719
0.001032,-0.002156,-0.014375,-0.007188,0.008932,-0.002032
0.046157000000000004,0.050477,0.045358,0.010620000000000001,0.018736,0.01265
-0.0050160000000000005,0.008685,0.0176,-0.0010140000000000001,0.017506,0.012318
-0.070648,-0.042697000000000006,-0.04972000000000001,-0.025195,-0.033752,-0.023031000000000003
-0.008082,0.0035809999999999995,0.006586999999999999,-0.003154,-0.004622,0.008631
-0.044967,-0.028803000000000002,-0.035281,-0.017702,0.0040160000000000005,0.005162
0.038685,0.022536,0.016343,0.037163,0.021230000000000002,0.022376
-0.000426,0.015300000000000001,0.01569,0.020984,0.029731999999999998,0.021221999999999998
0.055751,0.050776,0.055362999999999996,0.03875,0.027471000000000002,0.036777000000000004
0.026978,0.025507,0.031682,0.025046,0.014169000000000001,0.023267000000000003
0.00527,0.009266,0.001698,0.016488,0.020339999999999997,0.005586
0.016131,0.013451999999999999,0.02391,0.020253999999999998,0.01766,0.017575
-0.0034089999999999997,-0.001809,-0.004842,-0.009661,-0.019511,-0.018468
0.0085,0.014152,0.018274,0.009408,0.010751,0.012488999999999998
0.020831,0.013887,0.032635,0.037969,0.037285,0.049138
0.026179,0.047755,0.048991,0.030368,0.032791,0.039224999999999996
-0.008438,-0.015631,-0.002823,-0.017233000000000002,-0.022527,-0.012314
-0.056341,-0.063987,-0.068631,-0.039976,-0.032047,-0.023769
0.012001999999999999,0.023165,-0.009238,0.012709999999999999,0.020095000000000002,0.009749
0.021842,0.006532,0.008979000000000001,0.038318,0.033361,0.040702999999999996
0.030019,0.014678,0.009115999999999999,0.012405999999999999,0.018822000000000002,0.027434
-0.088023,-0.057050000000000003,-0.070316,-0.048547,-0.053559,-0.028386
-0.0017100000000000001,-0.007729000000000001,-0.0050739999999999995,-0.012814,-0.018252,0.007984999999999999
-0.08738699999999999,-0.050743,-0.053457,-0.063067,-0.064263,-0.054068
-0.042421,-0.03598,-0.027225000000000003,-0.014911,-0.054880000000000005,-0.012635
-0.014761,0.006947999999999999,0.000916,-0.004141000000000001,-0.010391,-0.0040089999999999995
0.026678999999999998,0.034562,0.05208599999999999,0.041007999999999996,0.048028,0.048297999999999994
0.04418999999999999,0.042696,0.069619,0.031408,0.004057,0.024502000000000003
-0.091356,-0.07919,-0.044474,-0.10761100000000001,-0.10925499999999999,-0.055347
0.036362,0.034918,0.021440999999999998,-0.010585,0.005233,-0.022873
0.04012400000000001,0.047267,0.053506,-0.004966,0.012986,0.018873
-0.097903,-0.059473000000000005,-0.101119,-0.13190200000000002,-0.087305,-0.080336
-0.21642499999999998,-0.189412,-0.21573799999999999,-0.211679,-0.166129,-0.151643
-0.130819,-0.111667,-0.12750899999999998,-0.135326,-0.078197,-0.048034999999999994
0.050063,0.041626,0.050115999999999994,0.017023,0.010641000000000001,0.018325
-0.10021699999999999,-0.123859,-0.10719200000000001,-0.068837,-0.103281,-0.058231000000000005
-0.121402,-0.11734,-0.115216,-0.10903600000000001,-0.10280099999999999,-0.091312
0.11469,0.08779999999999999,0.097941,0.114235,0.088338,0.080596
0.154335,0.164377,0.221208,0.11757899999999999,0.103362,0.07697
0.047754000000000005,0.012589,0.034591,0.059907,0.045153,0.057568
0.045739,0.015578000000000002,0.0033789999999999996,-0.00635,-0.000616,0.007749000000000001
0.098978,0.098439,0.106961,0.077062,0.093646,0.059964
0.039739,0.033752,0.041593,0.079782,0.027696000000000002,0.017391
0.065085,0.053674,0.088463,0.033031000000000005,0.047221,0.035816
-0.097935,-0.051864999999999994,-0.064462,-0.048899,-0.02629,0.001095
0.027707000000000002,0.024134000000000003,0.02891,0.041754,0.06144,0.060515
0.081066,0.07775699999999999,0.098201,0.014528000000000001,0.033261,0.017859
-0.033026,-0.031149,-0.031082000000000002,-0.016594,-0.03394,-0.043939000000000006
0.050917000000000004,0.043579999999999994,0.05622,0.04105,0.031107,0.030379999999999997
0.08557000000000001,0.070173,0.089393,0.068288,0.06537899999999999,0.05142
0.069369,0.056750999999999996,0.070332,0.005209,0.016281,0.018086
-0.087635,-0.075533,-0.062695,-0.081244,-0.074116,-0.08012499999999999
-0.08144399999999999,-0.076151,-0.088537,-0.05288299999999999,-0.056540999999999994,-0.049076
0.067605,0.073292,0.061213,0.058985,0.070494,0.070258
-0.08055,-0.072021,-0.08479900000000001,-0.052878999999999995,-0.048378,-0.037968
0.132026,0.12043799999999999,0.12359099999999999,0.090632,0.089789,0.09487999999999999
0.039009,0.042637999999999995,0.043994,0.025441,0.032686,0.04427
0.034658,0.040753000000000004,0.043038,0.0069240000000000005,-0.006538,0.007645
0.10049899999999999,0.073804,0.06806,0.088196,0.075927,0.051771000000000005
0.000155,0.002263,-0.004417,0.027120000000000002,0.030363,0.016522
0.059367,0.055613,0.036006,0.042603,0.039773,0.027176
0.021501000000000003,0.027131,0.033195999999999996,-0.015350999999999998,0.003905,0.008155
0.019013,0.023861,0.023654,0.019053,0.028904,0.034658
-0.028272,-0.022262,-0.010608,-0.030853000000000002,-0.010690999999999999,-0.006843
-0.03308,-0.01026,-0.005686,-0.031848,-0.020383,-0.00949
-0.046068,-0.034634,-0.03016,-0.048143000000000005,-0.025995,-0.010360000000000001
-0.108165,-0.07574499999999999,-0.092896,-0.096095,-0.057966,-0.045348
-0.118437,-0.102585,-0.119381,-0.10507899999999999,-0.073831,-0.063369
0.148972,0.144524,0.155852,0.151614,0.11064600000000001,0.101539
-0.017459,0.002613,-0.007195,-0.02404,-0.000888,0.002926
0.005234,0.006025,0.001354,-0.017896000000000002,0.01763,0.0056289999999999995
0.080693,0.063397,0.062695,0.069577,0.04367,0.047381
0.03161,0.023431,0.033304,0.055151000000000006,0.04457900000000001,0.043887999999999996
0.03311,0.024735999999999998,0.021733,0.029359000000000003,0.033618999999999996,0.029965000000000002
-0.018428,-0.014757,-0.009250000000000001,-0.020933999999999998,-0.007569,-0.004174
-0.068228,-0.063667,-0.059966,-0.09043,-0.057759,-0.057079000000000005
0.060434999999999996,0.040565,0.041474000000000004,0.04283699999999999,0.036079,0.039897999999999996
-0.028632,-0.006832,-0.023382999999999998,-0.006475999999999999,0.01562,0.010347
0.032113,0.036718,0.028403,0.044436,0.024116,0.021588
0.035486,0.038384,0.032684000000000005,0.042829,0.034506,0.015739
-0.028689,-0.011113,-0.023218000000000003,0.010268999999999999,-0.018858,-0.021962000000000002
0.004309,0.012891999999999999,0.018763000000000002,0.00511,0.012565999999999999,0.0028060000000000003
0.036541000000000004,0.030529999999999998,0.037961,0.035769,0.016384,-0.0025900000000000003
0.066444,0.059917,0.064573,0.07713199999999999,0.06352000000000001,0.040389
0.016573,0.008217,0.007685999999999999,0.016595,0.014112,0.012027000000000001
0.049114000000000005,0.040262,0.059539999999999996,0.045385,0.038571,0.037622
-0.0069,-0.005682,-0.005854000000000001,0.015486,0.014253,0.019898
0.055289000000000005,0.050543,0.046912,0.054104,0.020999,0.023082
0.004988,-0.002738,-0.002763,-0.022820999999999998,-0.002532,-0.022441
0.075295,0.073327,0.073463,0.07422,0.054580000000000004,0.049090999999999996
-0.027587999999999998,-0.03549,-0.019459,-0.025908,-0.032963,-0.020844
0.061418999999999994,0.057514,0.063362,0.04492,0.03497,0.031617
0.0041530000000000004,0.045972,0.040407,0.027696000000000002,0.045166000000000005,0.046885
0.0455,0.045850999999999996,0.042905,0.029958,0.024758,0.035343
0.027069,0.016383,0.025352,0.032895,0.026361,0.025643
-0.0018540000000000002,-0.041965,-0.051685999999999996,-0.020507,-0.024908,-0.048140999999999996
0.055217999999999996,0.039861,0.041826,0.041482,0.043554,0.050584
-0.022454000000000002,0.0141,0.011500999999999999,-0.0005510000000000001,0.007895,0.008015
-0.057885,-0.030750000000000003,-0.019689,-0.013488,-0.004943,0.017725
0.001059,0.004026,-0.002321,0.017648,0.022209,0.022192
0.06207,0.050897,0.048809,0.041551,0.021667000000000002,0.017138
-0.061574,-0.057783,-0.064429,-0.028742,-0.020732,-0.007914
0.052542,0.035436,0.053045999999999996,0.056766,0.035240999999999995,0.043556
-0.062611,-0.053446,-0.041379,-0.02021,-0.015639,-0.015611
0.057583,0.073237,0.039102,0.016763,0.020939,0.024087
0.0030259999999999996,-0.00503,0.013611999999999999,0.023296,0.012528999999999998,0.042696
0.03505,0.023996,0.019008,-0.004491,0.0077410000000000005,-0.012873
-0.039037,-0.053098,-0.034612,-0.045197,-0.038303,-0.017422
0.06888,0.067453,0.06213,0.076053,0.057255,0.060335
0.011437,0.022997,0.018562000000000002,-0.01325,-0.009565,-0.018616
-0.022342,-0.019892,-0.020612,0.011796,0.004366,0.011261
0.036545999999999995,0.012503,0.010882000000000001,0.019779,0.013609,0.009413
0.001895,0.021876000000000003,0.014544999999999999,-0.016688,-0.015083,-0.020602999999999996
-0.029973999999999997,-0.021469000000000002,-0.024376000000000002,0.017866,0.020835,0.018172
-0.067943,-0.047340999999999994,-0.062012,-0.06533800000000001,-0.061928000000000004,-0.057618
-0.07022,-0.037509,-0.061765,-0.047560000000000005,-0.028555999999999998,-0.020614
0.055337,0.056268000000000006,0.064133,0.071756,0.07969699999999999,0.08093600000000001
0.057156000000000005,0.036345999999999996,0.011445,0.010141,0.005278000000000001,0.000958
-0.044849,-0.058228,-0.053474,-0.038094,-0.014477,-0.019369
-0.12021000000000001,-0.065736,-0.093986,-0.078694,-0.056407,-0.048686
-0.016057,0.015403,0.018174,-0.020076999999999998,-0.00653,0.010676000000000001
0.073902,0.081934,0.08899900000000001,0.069678,0.066961,0.070027
0.029994999999999997,0.02377,0.012516000000000001,0.033479999999999996,0.01755,-0.008534
0.020468,0.010551,0.003533,0.022697,0.017397,0.017814
-0.0021190000000000002,0.000601,-0.001389,-0.022118000000000002,-0.002262,0.0052569999999999995
0.062922,0.055528,0.06633499999999999,0.025086,0.034419,0.046772
0.030185,0.021949999999999997,0.022856,0.025147,0.003797,-0.00462
0.04248300000000001,0.007181,-5.9e-05,0.006082,-0.0037040000000000003,0.004385
-0.080505,-0.031724,-0.048189,-0.013517,-0.006274999999999999,-0.027286
0.10162800000000001,0.139872,0.127094,0.06832099999999999,0.040785,0.039315
0.003402,0.043001,0.025584,0.014579,0.021001,0.016803
0.016559,-0.0057350000000000005,-0.00569,0.013036,0.018616,0.025356999999999998
0.019057,0.013701000000000001,0.008983999999999999,0.020113,0.04120599999999999,0.039564
0.012466999999999999,-0.0030480000000000004,0.010188999999999998,-0.00733,-0.002053,0.007085
0.005587,0.013158000000000001,0.02782,-0.0005870000000000001,0.012665,0.015159
-0.016794,-0.024902,-0.020112,-0.001604,0.011113999999999999,0.020774
0.047931,0.03403,0.020759,0.014855,0.01426,-0.0024129999999999998
0.0029620000000000002,0.008048,0.002445,0.030885,0.020496,0.018081
-0.007207,-0.025359,-0.021505999999999997,-0.009159,0.004678,0.008133
0.073616,0.077695,0.07123700000000001,0.04202,0.025821,0.014485
-0.000935,0.006384,0.010835999999999998,0.019295,0.027464,0.025628
0.008455,0.035415999999999996,0.05091999999999999,0.023243,0.022761999999999998,0.044608999999999996
0.005399,-0.013086,0.020604,0.017425,0.0040360000000000005,0.017166999999999998
0.035895,0.019332000000000002,0.021223000000000002,0.058741,0.061353,0.058365
-0.026490999999999997,-0.044837999999999996,-0.03548,-0.050644999999999996,-0.032446,-0.032124
0.011168,0.014289000000000001,0.011557,-0.016194,-0.026968000000000002,-0.025081000000000003
0.030949,0.006441,-0.001879,0.018672,0.00019800000000000002,0.0027069999999999998
0.085921,0.069399,0.039535999999999995,0.021089000000000004,0.025183,0.026395
0.008196,0.008117,0.024929,0.011722999999999999,-0.00435,0.010978000000000002
0.008957,0.022725,0.018205,0.018405,0.034619,0.040138999999999994
0.048851000000000006,0.033287,0.018392,0.026598,0.022976999999999997,0.050824
-0.019488000000000002,-0.032053,-0.020052,-0.004269,-0.0014130000000000002,0.008977
-0.12373100000000001,-0.102286,-0.11494,-0.085082,-0.064756,-0.074893
0.0042,0.030941,-0.005633,0.016682,0.022727,0.015550999999999999
-0.118984,-0.12148999999999999,-0.129754,-0.09834,-0.09193699999999999,-0.08811999999999999
0.118203,0.101689,0.130942,0.10011799999999998,0.09310399999999999,0.07168999999999999
0.052627,0.053285,0.042209,0.027943,0.029317000000000003,0.040816
-0.014607000000000002,-0.036373,-0.029809000000000002,-0.00642,0.009069,0.026885
0.014518,0.043693,0.050688000000000004,0.044793,0.046091,0.040435
-0.07367499999999999,-0.087591,-0.094965,-0.07885,-0.06524200000000001,-0.066825
0.067537,0.082253,0.078807,0.068723,0.06723499999999999,0.075377
-0.002807,0.005515,-0.013524000000000001,0.008395,0.015888,0.017806
-0.057053,-0.056241000000000006,-0.07772899999999999,-0.038181,-0.033819,-0.0063690000000000005
-0.00208,0.044966,0.034301,0.011602,0.024477000000000002,0.011998
0.032582,0.018164,0.024329,0.011663,0.019896,0.028537
0.063975,0.019843,0.042806,0.048354,0.039568,0.037002
0.044313000000000005,0.038007,0.032212,0.022816,0.0233,0.034592
-0.036942,-0.052863,-0.053996,0.017969,-0.01609,0.011039
-0.066842,-0.09341200000000001,-0.099578,-0.079853,-0.08824199999999999,-0.076958
-0.206265,-0.206313,-0.306991,-0.172013,-0.14031000000000002,-0.10257999999999999
0.16055399999999997,0.123552,0.21408000000000002,0.139935,0.12587199999999998,0.141093
0.078245,0.042925000000000005,0.11074400000000001,0.067108,0.047481999999999996,0.053268
0.046638,0.026522999999999998,0.035267,0.028094,-0.006468000000000001,0.041971
0.034061,0.009777000000000001,0.033982,0.053209,0.06439199999999999,0.061221
0.047144000000000005,0.053079,0.09158,0.051062,0.059034,0.09320600000000001
-0.022730999999999998,-0.056439,-0.037258,-0.027235,-0.042633000000000004,-0.038328
0.009743,0.050620000000000005,0.02706,-0.004313,-0.001923,-0.036904
0.21247800000000003,0.169602,0.225523,0.160429,0.129444,0.102933
0.109002,0.083422,0.089242,0.057432,0.049675000000000004,0.039539
0.087164,0.06237,0.035113,0.008187999999999999,0.013151999999999999,-0.018192
0.064687,0.090686,0.118857,0.05842,0.036527,0.011975
-0.017075,0.065565,0.054152,-0.01399,0.042655000000000005,0.04153
0.004757,0.017435,0.050917000000000004,0.047931999999999995,0.061413,0.051142
-0.009288,0.042733999999999994,0.040393,0.0015110000000000002,0.008367,-0.00025499999999999996
0.045118,-0.011541,-0.010281,0.023556,0.007231,0.038077
-0.072127,-0.00914,-0.015061,-0.024260999999999998,0.020097999999999998,0.028267
0.026812,0.017994,0.016268,0.019858,0.042561999999999996,0.025956999999999997
-0.031157,-0.024409999999999998,-0.030714,-0.019174,-0.036843,-0.05860699999999999
0.023896999999999998,0.046263,0.035893,0.041668000000000004,0.08767,0.064148
-0.077428,-0.007064,-0.014316,-0.076846,-0.017354,0.005343
0.0024779999999999997,0.046204999999999996,0.041468,-0.010032000000000001,0.032028,0.047563
-0.10408300000000001,-0.065279,-0.081914,-0.053444000000000005,-0.052236000000000005,-0.058757000000000004
0.014965,0.0064010000000000004,0.014769000000000001,0.006816,-0.017686999999999998,-0.034913
0.037231,-0.003898,-0.012305,0.019822,0.03515,0.039278
-0.12318,-0.067207,-0.079757,-0.103322,-0.112523,-0.07733799999999999
-0.020962,0.026444000000000002,0.015301,-0.0123,0.018161,-0.014556
-0.079724,-0.068488,-0.086343,-0.10887600000000001,-0.097617,-0.06743
0.10851000000000001,0.098872,0.131499,0.09557600000000001,0.106985,0.089686
0.014048,-0.032851,-0.042723000000000004,-0.006995,-0.032802,-0.046034
-0.097874,-0.090898,-0.118783,-0.08840500000000001,-0.08138400000000001,-0.096745
0.068966,0.132141,0.122888,0.072382,0.071259,0.084563
-0.022735,0.038319,0.053195,0.018236000000000002,0.034435,0.068649
-0.063585,-0.058134,-0.068725,-0.070152,-0.062575,-0.059603
0.141307,0.079166,0.126558,0.094542,0.07118000000000001,0.060964
-0.0337,-0.005342,-0.012391000000000001,-0.017166999999999998,-0.031352000000000005,-0.01794
-0.046257,-0.058497,-0.051479,0.013464,-0.008209,0.065294
-0.014232,-0.031472,-0.010099,-0.024148,0.005442,0.020183
0.017445,-0.012929,-0.030766,0.013237,-0.019004,0.025121
0.06301899999999999,0.090433,0.098299,0.057553,0.07213,0.067674
0.062848,0.07470500000000001,0.070156,0.044446000000000006,0.04646,0.025646
-0.084924,-0.041769,-0.04045,-0.030914,-0.025408,-0.007004
-0.078652,-0.057381,-0.031327,-0.04154,-0.03859,-0.051918
-0.09283200000000001,-0.049194,-0.053298,-0.03004,-0.028144999999999996,-0.020093999999999997
0.112635,0.09103199999999999,0.074998,0.126716,0.08635999999999999,0.088111
0.139454,0.134681,0.106625,0.06461299999999999,0.062431,0.036673
-0.049375999999999996,-0.04222000000000001,-0.038058,0.017051,0.010483,0.018927
0.069658,0.024663,0.039559000000000004,0.0625,0.057885,0.052953
0.013389999999999999,0.039774,0.035840000000000004,0.020253999999999998,0.045477,0.027253
-0.078876,-0.056795,-0.07370700000000001,-0.063833,-0.028843999999999998,-0.0395
0.048287000000000004,0.049645,0.055062,0.013574,0.037164,0.066291
-0.014071,-0.010508,-0.045358,0.007792,0.019971000000000003,0.049249
0.094758,0.115082,0.10812,0.012172,0.026589,0.003212
-0.013956,-0.020155,-0.016824,0.008345,0.016298,0.028311000000000003
0.004326,0.006823,0.017392,0.034629,0.01839,0.022338
-0.00927,-0.009125,-0.017051,-0.0004,0.011022,-0.020235
0.11101000000000001,0.134632,0.119445,0.106343,0.08507999999999999,0.045556
-0.074928,-0.076353,-0.085475,-0.057753,-0.035414,-0.010837000000000001
